{
  "classification_report": {
    "0": {
      "precision": 0.90920245398773,
      "recall": 0.7159420289855073,
      "f1-score": 0.8010810810810811,
      "support": 1035.0
    },
    "1": {
      "precision": 0.5050505050505051,
      "recall": 0.8021390374331551,
      "f1-score": 0.6198347107438017,
      "support": 374.0
    },
    "accuracy": 0.7388218594748048,
    "macro avg": {
      "precision": 0.7071264795191176,
      "recall": 0.7590405332093312,
      "f1-score": 0.7104578959124415,
      "support": 1409.0
    },
    "weighted avg": {
      "precision": 0.8019257833684809,
      "recall": 0.7388218594748048,
      "f1-score": 0.7529716825671403,
      "support": 1409.0
    }
  },
  "confusion_matrix": [
    [
      741,
      294
    ],
    [
      74,
      300
    ]
  ]
}