{
  "results": {
    "logistic_regression": {
      "accuracy": 0.7388218594748048,
      "precision": 0.5050505050505051,
      "recall": 0.8021390374331551,
      "f1": 0.6198347107438017,
      "roc_auc": 0.845299542741998
    },
    "random_forest": {
      "accuracy": 0.7693399574166075,
      "precision": 0.5496957403651116,
      "recall": 0.7245989304812834,
      "f1": 0.6251441753171857,
      "roc_auc": 0.8423971169495466
    },
    "gradient_boosting": {
      "accuracy": 0.7998580553584103,
      "precision": 0.6597222222222222,
      "recall": 0.5080213903743316,
      "f1": 0.5740181268882175,
      "roc_auc": 0.8418817329303263
    },
    "xgboost": {
      "accuracy": 0.7487579843860894,
      "precision": 0.5178571428571429,
      "recall": 0.7754010695187166,
      "f1": 0.6209850107066381,
      "roc_auc": 0.8369720220103852
    }
  },
  "best_model": "logistic_regression"
}